SI00:1,SI0226 to SI5057,SD
SI00:2,SI0226 to SI0222,UE,,2238
SI00:3,SI0229 to SI0237,DT,,218
SI00:4,SI0229 to SI0239,UT,,82
SI00:5,SI0229 to SI0241,UM,,2390
SI00:6,SI0231 to SI0241,UM,,98
SI00:7,SI0231 to SI0245,UE,,2060
SI00:8,SI0235 to SI0241,UM,,2
SI01:1,SI0235 to SI0245,UE,,24
SI01:2,SI0240 to SIU518,GF,,2
SI01:3,SI0240 to SI0230,UE,,8
SI01:4,SI0240 to SI0228,UM,,32
SI01:5,SI0242 to SIU518,GF
SI01:6,SI0242 to SI0230,UE,,40
SI01:7,SI0242 to SI0228,UM,,2325
SI01:8,SI0244 to SIU518,GF,,14
SI02:1,SI0244 to SI0230,UE,,2189
SI02:2,SI0309 to SI0321,DM,,2515
SI02:3,SI0309 to SI0317,DE,,322
SI02:4,SI0309 to SI0319,UE
SI02:5,SI0311 to SI0317,DE,,2
SI02:6,SI0311 to SI0319,UE
SI02:7,SI0313 to SI0317,DE,,2084
SI02:8,SI0313 to SI0319,UE
SI03:1,SI0317 to SI0323,DE,,2228
SI03:2,SI0317 to SI0909,DB,,176
SI03:3,SI0326 to SI0316,UM,,2362
SI03:4,SI0326 to SI0304,DM,,20
SI03:5,SI0328 to SI0308,?
SI03:6,SI0328 to SI0316,?
SI03:7,SI0328 to SI0304,?
SI03:8,SI0330 to SI0324,UE,,2441
SI04:1,SI0330 to SI0308,DE,,2
SI04:2,SI0330 to SI0316,UM,,110
SI04:3,SI0330 to SI0304,DM,,2
SI04:4,,,,1111
SI04:5,,,,1114
SI04:6,,,,1096
SI04:7,,,,12
SI04:8,,,,176
SI05:1
SI05:2
SI05:3,,,,1114
SI05:4,,,,166
SI05:5,,,,1272
SI05:6
SI05:7,,,,4
SI05:8
SI06:1,,,,1264
SI06:2
SI06:3,SI0355 to SI0357,,,2005
SI06:4,SI0357 to SI0363,DE,,1951
SI06:5,SI0357 to SI0367,UE,,64
SI06:6,SI0361 to HSHNT,SG,,48
SI06:7,SI0361 to SI0363,DE,,124
SI06:8,SI0361 to SI0367,UE,,18
SI07:1,SI0386 to SI0374,,,1898
SI07:2,SI0392 to SI0388,UE,,1894
SI07:3,SI0392 to SIICIN,EX,,8
SI07:4,SI0392 to SIRIFC,CS,,148
SI07:5,SI0400 to SI0390,UM,,2460
SI07:6,SI0400 to SI0394,UE,,50
SI07:7,SI0416 to SIRCHS,SG
SI07:8,SI0416 to SI0408,UM,,2502
SI08:1,SI0427 to SI0431,,,2121
SI08:2,SI0431 to SIRGPL,CS,,187
SI08:3,SI0431 to SI0433,DE,,1696
SI08:4,SI0431 to SIRGP2,TB,,238
SI08:5,SI0433 to SI0441,DE,,1424
SI08:6,SI0433 to SI0443,DM,,270
SI08:7,SI0435 to SI0441,DE,,2
SI08:8,SI0435 to SI0443,DM,,2349
SI09:1
SI09:2
SI09:3
SI09:4,SI0439 to HSHNT,SG,,17
SI09:5,SI0439 to SI0441,DE,,58
SI09:6,SI0439 to SI0443,DM,,6
SI09:7,SI0464 to SI0460,UE,,138
SI09:8,SI0464 to SI0458,DE
SI0A:1
SI0A:2
SI0A:3
SI0A:4,SI0468 to SI0460,UE,,248
SI0A:5,SI0468 to SI0458,DE
SI0A:6,SI0470 to SI0460,,,1678
SI0A:7,SI0474 to SI0472,UM
SI0A:8,SI0474 to SI0470,UE,,1393
SI0B:1,SI0476 to SI0472,UM,,2440
SI0B:2,SI0476 to SI0470,UE,,282
SI0B:3,SI0329 to SI0335,DA,,150
SI0B:4,SI0329 to SI0345,DM,,2371
SI0B:5
SI0B:6
SI0B:7
SI0B:8
SI0C:1
SI0C:2,SI0341 to SIR366,5,,10
SI0C:3,SI0341 to SI0347,DE,,138
SI0C:4,SI0343 to SIR366,5,,42
SI0C:5,SI0343 to SI0347,DE,,2183
SI0C:6,SI0351 to SIRIFL,GS
SI0C:7,SI0351 to SIRIFL,CS
SI0C:8,SI0351 to SIRIFL,2
SI0D:1,SI0351 to SI0355,DE,,16
SI0D:2,SI0351 to SI0359,DM,,2352
SI0D:3,SI0353 to SIRIFL,GS,,126
SI0D:4,SI0353 to SIRIFL,CS,,190
SI0D:5,SI0353 to SIRIFL,2,,18
SI0D:6,SI0353 to SI0355,DE,,1991
SI0D:7,SI0354 to SI0336,UA,,24
SI0D:8,SI0354 to SI0350,UE,,162
SI0E:1,SI0364 to SI0360,UA,,188
SI0E:2,SI0364 to SI0356,UM,,2382
SI0E:3,SI0370 to SI0362,,,2132
SI0E:4,SI0374 to SI0364,UM,,58
SI0E:5,SI0374 to SI0372,UE,,1834
SI0E:6,SI0378 to SI0372,UE,,76
SI0E:7,SI0378 to SI0368,DE,,12
SI0E:8,SI0378 to HSHNT,SG
SI0F:1,SI0380 to SI0364,UM,,42
SI0F:2,SI0380 to SI0372,UE,,144
SI0F:3,SI0380 to SI0368,DE
SI0F:4,SI0380 to HSHNT,SG,,30
SI0F:5,SI0382 to SI0372,UE,,22
SI0F:6,SI0382 to SI0368,DE,,10
SI0F:7,SI0384 to SI0364,UM,,8
SI0F:8,SI0384 to SI0372,UE,,52
SI10:1,SI0255 to SI0257,,,2083
SI10:2,SI0257 to SI0267,5,,2081
SI10:3,SI0257 to SI0279,8,,2
SI10:4,SI0267 to SI0277,,,2083
SI10:5,SI0283 to SI0285,DE,,2084
SI10:6,SI0283 to SI0289,DM,,54
SI10:7,SI0283 to SI0291,UM,,2
SI10:8,SI0277 to SI0283,,,2034
SI11:1,SI0284 to SI0268,,,2209
SI11:2,SI0285 to SI0291,UM,,16
SI11:3,SI0285 to SI0287,DE,,2021
SI11:4,SI0283 to SI0285,DE,,2021
SI11:5,SI0289 to SI0299,DM,,2797
SI11:6,SI0289 to SI0301,UM,,2
SI11:7,SI0289 to SI0303,DE,,58
SI11:8,SI0289 to SI0315,UE
SI12:1,SI0290 to SI0264,8
SI12:2,SI0290 to SI0266,9
SI12:3,SI0290 to SI0270,10,,32
SI12:4,SI0290 to SI0278,10A,,60
SI12:5,SI0291 to SI0299,DM,,42
SI12:6,SI0291 to SI0301,UM,,4
SI12:7,SI0291 to SI0297,DE
SI12:8,SI0291 to SI0315,UE
SI13:1,SI0292 to SI0268,5,,84
SI13:2,SI0292 to SI0266,8,,2
SI13:3,SI0292 to SI0264,9,,2247
SI13:4,SI0292 to SI0270,10,,393
SI13:5,SI0293 to SI0297,DE,,2021
SI13:6,SI0293 to SI0315,UE
SI13:7,SI0294 to SI0268,5
SI13:8,SI0294 to SI0266,8
SI14:1,SI0304 to SI0292,UM,,4
SI14:2,SI0304 to SI0290,DM,,18
SI14:3,SI0306 to SI0292,UM,,2412
SI14:4,SI0306 to SI0290,DM,,60
SI14:5,SI0308 to SI0294,DE
SI14:6,SI0308 to SI0292,UM
SI14:7,SI0308 to SI0290,DM,,2
SI14:8,SI0310 to SI0300,UE,,2122
SI15:1,SI0310 to SI0294,DE
SI15:2,SI0310 to SI0292,UM,,307
SI15:3,SI0310 to SI0290,DM,,16
SI15:4,SI0405 to SI0409,?
SI15:5,SI0405 to SI0411,,,2418
SI15:6,SI0409 to SI0415,?
SI15:7,SI0409 to SI0419,?
SI15:8,SI0411 to SI0415,DE,,46
SI16:1,SI0411 to SI0419,DM,,2376
SI16:2,SI0423 to SI0427,,,2126
SI16:3,SI0442 to SI5105,SG
SI16:4,SI0442 to SI0438,UM,,34
SI16:5,SI0442 to SI0440,UE,,1992
SI16:6,SI0444 to SI05105,SG,,2
SI16:7,SI0444 to SI0438,UM,,2454
SI16:8,SI0446 to SI0442,,,2032
SI17:1,,,,13
SI17:2,,,,14
SI17:3,,,,10
SI17:4,SI0241 to SI0253,,,2479
SI17:5,,,,2
SI17:6,,,,106
SI17:7,SI5070,,,26
SI17:8,SI0249 to SI1296,,,24
SI18:1,SI0249 to SI0259,,,217
SI18:2,,,,18
SI18:3,,,,120
SI18:4,,,,2
SI18:5,,,,42
SI18:6,,,,52
SI18:7,,,,341
SI18:8,,,,2088
SI19:1,,,,58
SI19:2,,,,247
SI19:3
SI19:4,,,,26
SI19:5,,,,24
SI19:6,,,,367
SI19:7,,,,2
SI19:8,SI0262 to SI0254,,,118
SI1A:1,SI0262 to SI0252,,,22
SI1A:2,,,,2243
SI1A:3
SI1A:4,,,,12
SI1A:5
SI1A:6,,,,282
SI1A:7,,,,140
SI1A:8,,,,4
SI1B:1,SI0270 to SI1292,,,146
SI1B:2,SI0270 to SI1294,,,132
SI1B:3,SI0273 to SI0289,DM,,2074
SI1B:4,SI0273 to SI0291,UM,,12
SI1B:5,SI0275 to SI0289,DM,,44
SI1B:6,SI0275 to SI0291,UM,,14
SI1B:7,SI0276 to SI0250,,,134
SI1B:8,SI0276 to SI0248,,,12
SI1C:1,SI0276 to SI1292
SI1C:2,SI0276 to SI1294,,,6
SI1C:3,SI0278 to SI0250
SI1C:4,SI0278 to SI0248,,,10
SI1C:5,SI0278 to SI1292,,,26
SI1C:6,SI0278 to SI1294,,,22
SI1C:7,SIS700 to SI0274,12,,196
SI1C:8,SIS700 to SI0267,11,,599
SI1D:1,SIS697 to SIS701,,,346
SI1D:2,SIS701 to SIS705,,,816
SI1D:3
SI1D:4,SIS703 to SIS705,,,72
SI1D:5
SI1D:6,SIS704 to SIS700,UM,,798
SI1D:7,SIS704 to SI1424,UHM,,50
SI1D:8,SIS901 to SIS701,,,472
SI1E:1,SIS705 to SIS707,,,885
SI1E:2,SIS706 to SIS704,,,34
SI1E:3
SI1E:4,SIS707 to SIS713,DM,,558
SI1E:5,SIS707 to SIS715,TL,,54
SI1E:6,SIS707 to SIS708,RL,,277
SI1E:7
SI1E:8,SIS708 to SIS704,,,256
SI1F:1
SI1F:2,SIS712 to SIS704,,,556
SI1F:3,SIS713 to SI1003,,,556
SI1F:4,SIS715 to SI1003,,,28
SI1F:5,SIS716 to SIS717,RL,,12
SI1F:6,SIS716 to SIS706,TL,,6
SI1F:7,SIS716 to SIS712,UM,,530
SI1F:8,SIS717 to SI1003,,,14
SI20:1
SI20:2,SI0223,,,2162
SI20:3,SI0226,,,2239
SI20:4,SI0229,,,2692
SI20:5,SI0231,,,2157
SI20:6,SI0235,,,26
SI20:7,SI0240,,,42
SI20:8,SI0242,,,2369
SI21:1,SI0244,,,2203
SI21:2,SI0245,,,2085
SI21:3,SI0309,,,2839
SI21:4,SI0311,,,2
SI21:5,SI0313,,,2082
SI21:6,SI0315
SI21:7,SI0317,,,2404
SI21:8,SI0319
SI22:1,SI0326,,,2384
SI22:2,SI0328
SI22:3,SI0330,,,2555
SI22:4,SI0332
SI22:5,SI0334,,,166
SI22:6,SI0336,,,24
SI22:7,SI0338,,,2365
SI22:8,SI0340,,,2382
SI23:1,SI0355,,,2005
SI23:2,SI0357,,,2014
SI23:3,SI0359,,,2354
SI23:4,SI0361,,,190
SI23:5,SI0367,,,70
SI23:6,SI0369,,,2355
SI23:7,SI0386,,,1896
SI23:8,SI0392,,,2050
SI24:1,SI0394,,,2040
SI24:2,SI0396,,,1992
SI24:3,SI0398,,,1992
SI24:4,SI0400,,,2510
SI24:5,SI0408,,,2508
SI24:6,SI0416,,,2508
SI24:7,SI0424,,,2508
SI24:8,SI0427,,,2121
SI25:1,SI0429,,,2352
SI25:2,SI0431,,,2120
SI25:3,SI0433,,,1692
SI25:4,SI0435,,,2355
SI25:5
SI25:6,SI0439,,,81
SI25:7,SI0441,,,1484
SI25:8,SI0443,,,2627
SI26:1,SI0458,,,2
SI26:2,SI0460,,,2025
SI26:3,SI0464,,,138
SI26:4
SI26:5,SI0468,,,248
SI26:6,SI0470,,,1678
SI26:7,SI0472,,,2440
SI26:8,SI0474,,,1397
SI27:1,SI0476,,,2722
SI27:2,SI0478,,,1399
SI27:3,SI0480,,,2720
SI27:4
SI27:5
SI27:6,SI0329,,,2519
SI27:7,SI0335,,,148
SI27:8,SI0337
SI28:1,SI0341,,,150
SI28:2,SI0343,,,2228
SI28:3,SI0345,,,2372
SI28:4,SI0349,,,2322
SI28:5,SI0351,,,2370
SI28:6,SI0352,,,2202
SI28:7,SI0353,,,2322
SI28:8,SI0354,,,186
SI29:1,SI0360,,,188
SI29:2,SI0362,,,2127
SI29:3,SI0364,,,2568
SI29:4,SI0366,,,52
SI29:5,SI0368,,,26
SI29:6,SI0270,,,2130
SI29:7,SI0374,,,1898
SI29:8,SI0376,,,2460
SI2A:1,SI0378,,,88
SI2A:2,SI0380,,,218
SI2A:3,SI0382,,,32
SI2A:4,SI0384,,,60
SI2A:5,SI0255,,,2083
SI2A:6,SI0256,,,2204
SI2A:7,SI0257,,,2083
SI2A:8,SI0266,,,2
SI2B:1,SI0267,,,2083
SI2B:2,SI0268,,,2202
SI2B:3,SI0277,,,2084
SI2B:4,SI0279,,,6
SI2B:5,SI0283,,,2086
SI2B:6,SI0284,,,2209
SI2B:7,SI0285,,,2038
SI2B:8,SI0286,,,2209
SI2C:1,SI0287,,,2022
SI2C:2,SI0288,,,2123
SI2C:3,SI0289,,,2856
SI2C:4,SI0290,,,92
SI2C:5,SI0291,,,44
SI2C:6,SI0292,,,2722
SI2C:7,SI0293,,,2021
SI2C:8,SI0294
SI2D:1,SI0295,,,678
SI2D:2,SI0296,,,2123
SI2D:3,SI0299,,,2837
SI2D:4,SI0301,,,2
SI2D:5,SI0304,,,22
SI2D:6,SI0306,,,2474
SI2D:7,SI0308,,,2
SI2D:8,SI0310,,,2444
SI2E:1,SI0399,,,2074
SI2E:2,SI0401,,,2425
SI2E:3,SI0405,,,2422
SI2E:4,SI0409,OOU
SI2E:5,SI0411,,,2424
SI2E:6,SI0413,,,2076
SI2E:7,SI0423,,,2120
SI2E:8,SI0432,,,1992
SI2F:1,SI0438,,,2508
SI2F:2,SI0442,,,2028
SI2F:3,SI0444,,,2464
SI2F:4,SI0446,,,2028
SI2F:5,SI0450,,,368
SI2F:6,SI0454,,,2440
SI2F:7,SI0234,,,222
SI2F:8,SI0237,,,218
SI30:1,SI0239,,,82
SI30:2,SI0241,,,2488
SI30:3,SI0248,,,134
SI30:4,SI0249,,,241
SI30:5,SI0250,,,142
SI30:6,SI0251,,,96
SI30:7,SI0252,,,22
SI30:8,SI0253,,,2483
SI31:1,SI0254,,,2369
SI31:2,SI0258,,,10
SI31:3,SI0259,,,272
SI31:4,SI0261,,,395
SI31:5,SI0262,,,140
SI31:6,SI0263,,,2084
SI31:7,SI0264,,,2251
SI31:8,SI0265,,,58
SI32:1,SI0269,,,294
SI32:2,SI0270,,,422
SI32:3,SI0273,,,2086
SI32:4,SI0274,,,112
SI32:5,SI0275,,,58
SI32:6,SI0276,,,154
SI32:7,SI0278,,,58
SI32:8,SI0281,,,676
SI33:1,IFD CS Dn TRTS,SI0361,,144
SI33:2,GDP P4 Dn TRTS,SI0431,,245
SI33:3,GDP CS Dn TRTS,SI0439,,64
SI33:4,GDP P4 Up TRTS,SI0458
SI33:5,GDP P3 Up TRTS,SI0460,,266
SI33:6,GDP CS Up TRTS,SI0464,,138
SI33:7,GDP Rev TRTS,SI0468,,244
SI33:8
SI34:1
SI34:2
SI34:3
SI34:4
SI34:5
SI34:6,IFD CS Up TRTS,SI0378,,84
SI34:7,IFD P5 Up TRTS,SI0366,,32
SI34:8,IFD CS Up TRTS,SI0380,,188
SI35:1,IFD P4 Up TRTS,SI0368,,4
SI35:2,IFD CS Up TRTS,SI0382,,32
SI35:3,IFD CS Up TRTS,SI0384,,60
SI35:4,IFD P3 Up TRTS,SI0362
SI35:5
SI35:6
SI35:7
SI35:8
SI36:1,,,,,36-38 No Updates but bits are refreshed
SI36:2
SI36:3
SI36:4
SI36:5
SI36:6
SI36:7
SI36:8
SI37:1
SI37:2
SI37:3
SI37:4
SI37:5
SI37:6
SI37:7
SI37:8
